{
  "distribution": {
    "n": 1240,
    "mean": 0.03192383064516129,
    "std": 0.01580356328906573,
    "median": 0.0279895,
    "min": 0.005285,
    "max": 0.10763600000000001,
    "skewness": 1.609869455567831,
    "kurtosis": 3.491317048615348,
    "percentiles": {
      "p50": 0.0279895,
      "p75": 0.03838775,
      "p90": 0.05208290000000002,
      "p95": 0.06369145,
      "p99": 0.0896259899999999
    },
    "fits": {
      "lognorm": {
        "params": [
          0.4946272603080913,
          0.002322155003077377,
          0.02615567700912413
        ],
        "aic": -7257.179209950707,
        "bic": -7241.81060997491,
        "log_lik": 3631.5896049753537
      },
      "gamma": {
        "params": [
          3.410388258448662,
          0.004899384758955842,
          0.007924159442677627
        ],
        "aic": -7212.28314361181,
        "bic": -7196.914543636013,
        "log_lik": 3609.141571805905
      },
      "norm": {
        "params": [
          0.03192383064516129,
          0.015797189599236386
        ],
        "aic": -6763.88204367925,
        "bic": -6753.636310362052,
        "log_lik": 3383.941021839625
      },
      "t": {
        "params": [
          3.31150225381648,
          0.02867500676613581,
          0.010595568914951479
        ],
        "aic": -6959.127132798547,
        "bic": -6943.75853282275,
        "log_lik": 3482.5635663992734
      }
    },
    "best_fit": "lognorm"
  },
  "seasonality": {
    "day_of_week": {
      "mean": {
        "周一": 0.033897325,
        "周二": 0.031079796,
        "周三": 0.031347023904382466,
        "周四": 0.03219626877470356,
        "周五": 0.03194922983870968
      },
      "std": {
        "周一": 0.015715256303900364,
        "周二": 0.015962923418554962,
        "周三": 0.015176432153553951,
        "周四": 0.01686905480596115,
        "周五": 0.017533847114169603
      },
      "count": {
        "周一": 240,
        "周二": 250,
        "周三": 251,
        "周四": 253,
        "周五": 248
      }
    },
    "dow_anova_p": 0.34616848663329436,
    "monthly": {
      "mean": {
        "1": 0.028190473684210526,
        "2": 0.031128819277108435,
        "3": 0.0341198,
        "4": 0.03347058823529412,
        "5": 0.03130167889908257,
        "6": 0.028134544554455444,
        "7": 0.03195008181818182,
        "8": 0.03077401801801802,
        "9": 0.040232656862745096,
        "10": 0.03874969047619047,
        "11": 0.0313362523364486,
        "12": 0.02656692792792793
      },
      "std": {
        "1": 0.009120229029461486,
        "2": 0.016205664145408243,
        "3": 0.014468830995683496,
        "4": 0.015189239180136246,
        "5": 0.013134884337970608,
        "6": 0.012664920634196454,
        "7": 0.017533363444363535,
        "8": 0.016190491085247866,
        "9": 0.023044942662259624,
        "10": 0.022583720833249,
        "11": 0.013843893538439614,
        "12": 0.012866836515710883
      },
      "count": {
        "1": 95,
        "2": 83,
        "3": 110,
        "4": 119,
        "5": 109,
        "6": 101,
        "7": 110,
        "8": 111,
        "9": 102,
        "10": 84,
        "11": 107,
        "12": 111
      }
    },
    "quarterly": {
      "mean": {
        "1": 0.031301961805555556,
        "2": 0.031113896656534953,
        "3": 0.034161473684210526,
        "4": 0.03164530463576159
      },
      "std": {
        "1": 0.013712883215634998,
        "2": 0.01390935085395116,
        "3": 0.019429156441453634,
        "4": 0.017095681899859237
      },
      "count": {
        "1": 288,
        "2": 329,
        "3": 323,
        "4": 302
      }
    }
  },
  "conditional": {
    "by_index_move": {
      "mean": {
        "<-3%": 0.05182783333333333,
        "-3%~-2%": 0.04162516,
        "-2%~-1%": 0.03579295833333333,
        "-1%~-0.5%": 0.031893932926829266,
        "-0.5%~0": 0.028892292207792207,
        "0~0.5%": 0.031059771986970682,
        "0.5%~1%": 0.03199395384615385,
        "1%~2%": 0.03433780869565217,
        "2%~3%": 0.04042816666666667,
        ">3%": 0.06291242857142856
      },
      "std": {
        "<-3%": 0.014654529271411849,
        "-3%~-2%": 0.01638896251973667,
        "-2%~-1%": 0.01696470034476646,
        "-1%~-0.5%": 0.015592582854918496,
        "-0.5%~0": 0.013458754608363575,
        "0~0.5%": 0.015968634671178556,
        "0.5%~1%": 0.01784170563777099,
        "1%~2%": 0.014603634624427689,
        "2%~3%": 0.019258098886839638,
        ">3%": 0.04180988323294363
      },
      "count": {
        "<-3%": 6,
        "-3%~-2%": 25,
        "-2%~-1%": 96,
        "-1%~-0.5%": 164,
        "-0.5%~0": 308,
        "0~0.5%": 307,
        "0.5%~1%": 195,
        "1%~2%": 115,
        "2%~3%": 18,
        ">3%": 7
      },
      "median": {
        "<-3%": 0.050456999999999995,
        "-3%~-2%": 0.041161,
        "-2%~-1%": 0.0302715,
        "-1%~-0.5%": 0.027986000000000004,
        "-0.5%~0": 0.025786,
        "0~0.5%": 0.027299000000000004,
        "0.5%~1%": 0.027739,
        "1%~2%": 0.031198,
        "2%~3%": 0.0327925,
        ">3%": 0.052255
      }
    }
  },
  "decomposition": {
    "total_variance": 0.0004913038903995243,
    "market_variance": 9.576742545867601e-05,
    "explained_by_market": 4.4364950792003435e-05,
    "r_squared_market": 0.09030042639378699,
    "idio_ratio": 0.909699573606213
  },
  "garch": {
    "converged": true,
    "params": {
      "mu": 2.819604095503257,
      "omega": 0.16744702405351597,
      "alpha[1]": 0.1755789578586689,
      "beta[1]": 0.7711668173628958
    },
    "aic": 4473.354325121928,
    "bic": 4493.852238171901,
    "persistence": 0.9467457752215647
  },
  "tail": {
    "p90_threshold": 0.052253900000000006,
    "p95_threshold": 0.06433365000000003,
    "high_amp_pct": 0.10064412238325282,
    "very_high_amp_pct": 0.050724637681159424,
    "avg_amplitude_day_before_high": 0.04719116483516483,
    "overall_avg_amplitude": 0.032079287439613524,
    "max_high_amp_streak": 8,
    "avg_high_amp_streak": 1.5432098765432098
  }
}